Dataset,Strategy,Composition,MGU@5,DGU@5,DivRatio@5,ORRatio@5,PredictNotInRatio@5,NDCG@5,HR@5,PopRatio@5,Predict_NotIn_Ratio,SampleMethod
Goodreads,ches_score,bottom100,0.0066298246288892,0.0280338478728364,0.3262,0.0248,0.044,0.0049484591188793,0.01,135.9888,0.044,
Goodreads,ches_score,top100,0.0066917545455504,0.028469271238324,0.3262,0.0248,0.041,0.0049484591188793,0.01,136.0902,0.041,
Goodreads,DPO,RN1_epoch1,0.006777882244218372,0.028452524185805322,0.3266,0.0248,0.042,0.004948459118879392,0.01,135.9648,0.042,
